<templateSet group="MyJS">
  <template name="cl" value="console.log($END$);" description="插入日志语句" toReformat="true" toShortenFQNames="true">
    <context>
      <option name="JS_STATEMENT" value="true" />
    </context>
  </template>
  <template name="cd" value="console.dir($END$);" description="插入打印对象的详细信息" toReformat="true" toShortenFQNames="true">
    <context>
      <option name="JS_STATEMENT" value="true" />
    </context>
  </template>
  <template name="if" value="if ($PARAM$) {&#10;  $END$&#10;}" description="添加if条件判断" toReformat="true" toShortenFQNames="true">
    <variable name="PARAM" expression="" defaultValue="" alwaysStopAt="true" />
    <context>
      <option name="JS_STATEMENT" value="true" />
    </context>
  </template>
  <template name="ife" value="if ($CONDITION$) {&#10;    $END$&#10;} else {&#10;&#10;}" description="添加if..else" toReformat="true" toShortenFQNames="true">
    <variable name="CONDITION" expression="" defaultValue="" alwaysStopAt="true" />
    <context>
      <option name="JS_STATEMENT" value="true" />
    </context>
  </template>
  <template name="ifeif" value="if ($CONDITION$) {&#10;    $END$&#10;} else if ($NEXTCONDITION$) {&#10;&#10;} else {&#10;&#10;}" description="添加if..else if..else" toReformat="false" toShortenFQNames="true">
    <variable name="CONDITION" expression="" defaultValue="" alwaysStopAt="true" />
    <variable name="NEXTCONDITION" expression="" defaultValue="" alwaysStopAt="true" />
    <context>
      <option name="JS_STATEMENT" value="true" />
    </context>
  </template>
  <template name="switch" value="switch ($EXPRESSION$) {&#10;  case $EXPVALUE1$:&#10;    $END$&#10;    break;&#10;  case $EXPVALUE2$:&#10;&#10;    break;&#10;  default:&#10;&#10;}" description="添加switch语句" toReformat="true" toShortenFQNames="true">
    <variable name="EXPRESSION" expression="" defaultValue="" alwaysStopAt="true" />
    <variable name="EXPVALUE1" expression="" defaultValue="" alwaysStopAt="true" />
    <variable name="EXPVALUE2" expression="" defaultValue="" alwaysStopAt="true" />
    <context>
      <option name="JS_STATEMENT" value="true" />
    </context>
  </template>
  <template name="while" value="while ($CONDITION$) {&#10;    $END$&#10;}" description="添加while语句" toReformat="false" toShortenFQNames="true">
    <variable name="CONDITION" expression="" defaultValue="" alwaysStopAt="true" />
    <context>
      <option name="JS_STATEMENT" value="true" />
    </context>
  </template>
  <template name="fn" value="function ($PARAMETERS$) {&#10;  $END$&#10;};" description="快速添加一个函数" toReformat="true" toShortenFQNames="true">
    <variable name="PARAMETERS" expression="" defaultValue="" alwaysStopAt="true" />
    <context>
      <option name="JS_EXPRESSION" value="true" />
      <option name="JS_STATEMENT" value="true" />
    </context>
  </template>
  <template name="itar" value="for (var $INDEX$ = 0; $INDEX$ &lt; $ARRAY$.length; $INDEX$++) {&#10;  var $VAR$ = $ARRAY$[$INDEX$];&#10;  $END$&#10;}" description="Iterate elements of array" toReformat="true" toShortenFQNames="true">
    <variable name="INDEX" expression="jsSuggestIndexName()" defaultValue="&quot;i&quot;" alwaysStopAt="true" />
    <variable name="ARRAY" expression="jsArrayVariable()" defaultValue="&quot;array&quot;" alwaysStopAt="true" />
    <variable name="VAR" expression="jsSuggestVariableName()" defaultValue="&quot;o&quot;" alwaysStopAt="true" />
    <context>
      <option name="JS_STATEMENT" value="true" />
    </context>
  </template>
  <template name="ritar" value="for (var $INDEX$ = $ARRAY$.length - 1; $INDEX$ &gt;= 0; $INDEX$--) {&#10;  var $VAR$ = $ARRAY$[$INDEX$];&#10;  $END$&#10;}" description="Iterate elements of array in reverse order" toReformat="true" toShortenFQNames="true">
    <variable name="INDEX" expression="jsSuggestIndexName()" defaultValue="&quot;i&quot;" alwaysStopAt="true" />
    <variable name="ARRAY" expression="jsArrayVariable()" defaultValue="&quot;array&quot;" alwaysStopAt="true" />
    <variable name="VAR" expression="jsSuggestVariableName()" defaultValue="&quot;o&quot;" alwaysStopAt="true" />
    <context>
      <option name="JS_STATEMENT" value="true" />
    </context>
  </template>
  <template name="itin" value="for (var $VAR$ in $ARRAY$) {&#10;  $END$&#10;}" description="Iterate (for..in)" toReformat="true" toShortenFQNames="true">
    <variable name="ARRAY" expression="jsArrayVariable()" defaultValue="&quot;array &quot;" alwaysStopAt="true" />
    <variable name="VAR" expression="jsSuggestVariableName()" defaultValue="&quot;o&quot;" alwaysStopAt="true" />
    <context>
      <option name="JS_STATEMENT" value="true" />
    </context>
  </template>
  <template name="seti" value="setInterval($FUNC$, $PERIOD$);" description="添加一个周期性定时器" toReformat="true" toShortenFQNames="true">
    <variable name="FUNC" expression="" defaultValue="" alwaysStopAt="true" />
    <variable name="PERIOD" expression="lineNumber()" defaultValue="" alwaysStopAt="true" />
    <context>
      <option name="JS_STATEMENT" value="true" />
    </context>
  </template>
  <template name="sett" value="setInterval($FUNC$, $PERIOD$);" description="添加一个延时执行的定时器" toReformat="false" toShortenFQNames="true">
    <variable name="FUNC" expression="" defaultValue="" alwaysStopAt="true" />
    <variable name="PERIOD" expression="" defaultValue="" alwaysStopAt="true" />
    <context>
      <option name="JS_STATEMENT" value="true" />
    </context>
  </template>
  <template name="iife" value="(function($VARS$){&#10;  $END$&#10;})($VARS$);" description="添加一个IIFE" toReformat="false" toShortenFQNames="true">
    <variable name="VARS" expression="" defaultValue="" alwaysStopAt="true" />
    <context>
      <option name="JS_STATEMENT" value="true" />
    </context>
  </template>
  <template name="sort" value="$ARRAYS$.sort(function(a,b){&#10;  return a - b;&#10;});" description="添加一个数组的sort方法" toReformat="true" toShortenFQNames="true">
    <variable name="ARRAYS" expression="" defaultValue="" alwaysStopAt="true" />
    <context>
      <option name="JS_STATEMENT" value="true" />
    </context>
  </template>
  <template name="load" value="window.onload = function () {&#10;  $END$&#9;&#9;&#9;&#10;};" description="添加一个onload事件" toReformat="false" toShortenFQNames="true">
    <context>
      <option name="JS_STATEMENT" value="true" />
    </context>
  </template>
  <template name="di" value="document.getElementById(&quot;$VARS$&quot;);" description="添加一个document.getElementByID()" toReformat="false" toShortenFQNames="true">
    <variable name="VARS" expression="" defaultValue="" alwaysStopAt="true" />
    <context>
      <option name="JS_STATEMENT" value="true" />
    </context>
  </template>
  <template name="dt" value="document.getElementsByTagName(&quot;$VARS$&quot;);" description="添加一个document.getElementsByTagName()" toReformat="false" toShortenFQNames="true">
    <variable name="VARS" expression="" defaultValue="" alwaysStopAt="true" />
    <context>
      <option name="JS_STATEMENT" value="true" />
    </context>
  </template>
</templateSet>